Time;temp.mean;dewpoint.mean
2017-08-04T14:00:00-04:00;null;null
2017-08-04T14:00:05-04:00;null;null
2017-08-04T14:00:10-04:00;null;null
2017-08-04T14:00:15-04:00;null;null
2017-08-04T14:00:20-04:00;null;null
2017-08-04T14:00:25-04:00;null;null
2017-08-04T14:00:30-04:00;null;null
2017-08-04T14:00:35-04:00;null;null
2017-08-04T14:00:40-04:00;null;null
2017-08-04T14:00:45-04:00;null;null
2017-08-04T14:00:50-04:00;null;null
2017-08-04T14:00:55-04:00;null;null
2017-08-04T14:01:00-04:00;null;null
2017-08-04T14:01:05-04:00;null;null
2017-08-04T14:01:10-04:00;null;null
2017-08-04T14:01:15-04:00;null;null
2017-08-04T14:01:20-04:00;null;null
2017-08-04T14:01:25-04:00;null;null
2017-08-04T14:01:30-04:00;null;null
2017-08-04T14:01:35-04:00;null;null
2017-08-04T14:01:40-04:00;null;null
2017-08-04T14:01:45-04:00;null;null
2017-08-04T14:01:50-04:00;null;null
2017-08-04T14:01:55-04:00;null;null
2017-08-04T14:02:00-04:00;null;null
2017-08-04T14:02:05-04:00;null;null
2017-08-04T14:02:10-04:00;null;null
2017-08-04T14:02:15-04:00;null;null
2017-08-04T14:02:20-04:00;null;null
2017-08-04T14:02:25-04:00;null;null
2017-08-04T14:02:30-04:00;null;null
2017-08-04T14:02:35-04:00;null;null
2017-08-04T14:02:40-04:00;null;null
2017-08-04T14:02:45-04:00;null;null
2017-08-04T14:02:50-04:00;null;null
2017-08-04T14:02:55-04:00;null;null
2017-08-04T14:03:00-04:00;null;null
2017-08-04T14:03:05-04:00;null;null
2017-08-04T14:03:10-04:00;null;null
2017-08-04T14:03:15-04:00;null;null
2017-08-04T14:03:20-04:00;null;null
2017-08-04T14:03:25-04:00;null;null
2017-08-04T14:03:30-04:00;null;null
2017-08-04T14:03:35-04:00;null;null
2017-08-04T14:03:40-04:00;null;null
2017-08-04T14:03:45-04:00;null;null
2017-08-04T14:03:50-04:00;null;null
2017-08-04T14:03:55-04:00;null;null
2017-08-04T14:04:00-04:00;null;null
2017-08-04T14:04:05-04:00;null;null
2017-08-04T14:04:10-04:00;null;null
2017-08-04T14:04:15-04:00;null;null
2017-08-04T14:04:20-04:00;null;null
2017-08-04T14:04:25-04:00;null;null
2017-08-04T14:04:30-04:00;null;null
2017-08-04T14:04:35-04:00;null;null
2017-08-04T14:04:40-04:00;null;null
2017-08-04T14:04:45-04:00;null;null
2017-08-04T14:04:50-04:00;null;null
2017-08-04T14:04:55-04:00;null;null
2017-08-04T14:05:00-04:00;null;null
2017-08-04T14:05:05-04:00;null;null
2017-08-04T14:05:10-04:00;null;null
2017-08-04T14:05:15-04:00;null;null
2017-08-04T14:05:20-04:00;null;null
2017-08-04T14:05:25-04:00;null;null
2017-08-04T14:05:30-04:00;null;null
2017-08-04T14:05:35-04:00;null;null
2017-08-04T14:05:40-04:00;null;null
2017-08-04T14:05:45-04:00;null;null
2017-08-04T14:05:50-04:00;null;null
2017-08-04T14:05:55-04:00;null;null
2017-08-04T14:06:00-04:00;null;null
2017-08-04T14:06:05-04:00;null;null
2017-08-04T14:06:10-04:00;null;null
2017-08-04T14:06:15-04:00;null;null
2017-08-04T14:06:20-04:00;null;null
2017-08-04T14:06:25-04:00;null;null
2017-08-04T14:06:30-04:00;null;null
2017-08-04T14:06:35-04:00;null;null
2017-08-04T14:06:40-04:00;null;null
2017-08-04T14:06:45-04:00;null;null
2017-08-04T14:06:50-04:00;null;null
2017-08-04T14:06:55-04:00;null;null
2017-08-04T14:07:00-04:00;null;null
2017-08-04T14:07:05-04:00;null;null
2017-08-04T14:07:10-04:00;null;null
2017-08-04T14:07:15-04:00;null;null
2017-08-04T14:07:20-04:00;null;null
2017-08-04T14:07:25-04:00;null;null
2017-08-04T14:07:30-04:00;null;null
2017-08-04T14:07:35-04:00;null;null
2017-08-04T14:07:40-04:00;null;null
2017-08-04T14:07:45-04:00;null;null
2017-08-04T14:07:50-04:00;null;null
2017-08-04T14:07:55-04:00;null;null
2017-08-04T14:08:00-04:00;null;null
2017-08-04T14:08:05-04:00;null;null
2017-08-04T14:08:10-04:00;null;null
2017-08-04T14:08:15-04:00;null;null
2017-08-04T14:08:20-04:00;null;null
2017-08-04T14:08:25-04:00;null;null
2017-08-04T14:08:30-04:00;null;null
2017-08-04T14:08:35-04:00;null;null
2017-08-04T14:08:40-04:00;null;null
2017-08-04T14:08:45-04:00;null;null
2017-08-04T14:08:50-04:00;null;null
2017-08-04T14:08:55-04:00;null;null
2017-08-04T14:09:00-04:00;null;null
2017-08-04T14:09:05-04:00;null;null
2017-08-04T14:09:10-04:00;null;null
2017-08-04T14:09:15-04:00;null;null
2017-08-04T14:09:20-04:00;null;null
2017-08-04T14:09:25-04:00;null;null
2017-08-04T14:09:30-04:00;null;null
2017-08-04T14:09:35-04:00;null;null
2017-08-04T14:09:40-04:00;null;null
2017-08-04T14:09:45-04:00;null;null
2017-08-04T14:09:50-04:00;null;null
2017-08-04T14:09:55-04:00;null;null
2017-08-04T14:10:00-04:00;null;null
2017-08-04T14:10:05-04:00;null;null
2017-08-04T14:10:10-04:00;null;null
2017-08-04T14:10:15-04:00;null;null
2017-08-04T14:10:20-04:00;null;null
2017-08-04T14:10:25-04:00;null;null
2017-08-04T14:10:30-04:00;null;null
2017-08-04T14:10:35-04:00;null;null
2017-08-04T14:10:40-04:00;null;null
2017-08-04T14:10:45-04:00;null;null
2017-08-04T14:10:50-04:00;null;null
2017-08-04T14:10:55-04:00;null;null
2017-08-04T14:11:00-04:00;null;null
2017-08-04T14:11:05-04:00;null;null
2017-08-04T14:11:10-04:00;null;null
2017-08-04T14:11:15-04:00;null;null
2017-08-04T14:11:20-04:00;null;null
2017-08-04T14:11:25-04:00;null;null
2017-08-04T14:11:30-04:00;null;null
2017-08-04T14:11:35-04:00;null;null
2017-08-04T14:11:40-04:00;null;null
2017-08-04T14:11:45-04:00;null;null
2017-08-04T14:11:50-04:00;91.4;69
2017-08-04T14:11:55-04:00;null;null
2017-08-04T14:12:00-04:00;null;null
2017-08-04T14:12:05-04:00;null;null
2017-08-04T14:12:10-04:00;null;null
2017-08-04T14:12:15-04:00;null;null
2017-08-04T14:12:20-04:00;null;null
2017-08-04T14:12:25-04:00;null;null
2017-08-04T14:12:30-04:00;null;null
2017-08-04T14:12:35-04:00;null;null
2017-08-04T14:12:40-04:00;null;null
2017-08-04T14:12:45-04:00;null;null
2017-08-04T14:12:50-04:00;null;null
2017-08-04T14:12:55-04:00;null;null
2017-08-04T14:13:00-04:00;null;null
2017-08-04T14:13:05-04:00;null;null
2017-08-04T14:13:10-04:00;null;null
2017-08-04T14:13:15-04:00;null;null
2017-08-04T14:13:20-04:00;null;null
2017-08-04T14:13:25-04:00;null;null
2017-08-04T14:13:30-04:00;null;null
2017-08-04T14:13:35-04:00;null;null
2017-08-04T14:13:40-04:00;null;null
2017-08-04T14:13:45-04:00;null;null
2017-08-04T14:13:50-04:00;null;null
2017-08-04T14:13:55-04:00;null;null
2017-08-04T14:14:00-04:00;null;null
2017-08-04T14:14:05-04:00;null;null
2017-08-04T14:14:10-04:00;null;null
2017-08-04T14:14:15-04:00;null;null
2017-08-04T14:14:20-04:00;null;null
2017-08-04T14:14:25-04:00;null;null
2017-08-04T14:14:30-04:00;null;null
2017-08-04T14:14:35-04:00;null;null
2017-08-04T14:14:40-04:00;null;null
2017-08-04T14:14:45-04:00;null;null
2017-08-04T14:14:50-04:00;null;null
2017-08-04T14:14:55-04:00;null;null
2017-08-04T14:15:00-04:00;null;null
2017-08-04T14:15:05-04:00;null;null
2017-08-04T14:15:10-04:00;null;null
2017-08-04T14:15:15-04:00;null;null
2017-08-04T14:15:20-04:00;null;null
2017-08-04T14:15:25-04:00;null;null
2017-08-04T14:15:30-04:00;null;null
2017-08-04T14:15:35-04:00;null;null
2017-08-04T14:15:40-04:00;null;null
2017-08-04T14:15:45-04:00;null;null
2017-08-04T14:15:50-04:00;null;null
2017-08-04T14:15:55-04:00;null;null
2017-08-04T14:16:00-04:00;null;null
2017-08-04T14:16:05-04:00;null;null
2017-08-04T14:16:10-04:00;null;null
2017-08-04T14:16:15-04:00;null;null
2017-08-04T14:16:20-04:00;null;null
2017-08-04T14:16:25-04:00;null;null
2017-08-04T14:16:30-04:00;null;null
2017-08-04T14:16:35-04:00;null;null
2017-08-04T14:16:40-04:00;null;null
2017-08-04T14:16:45-04:00;null;null
2017-08-04T14:16:50-04:00;null;null
2017-08-04T14:16:55-04:00;null;null
2017-08-04T14:17:00-04:00;null;null
2017-08-04T14:17:05-04:00;null;null
2017-08-04T14:17:10-04:00;null;null
2017-08-04T14:17:15-04:00;null;null
2017-08-04T14:17:20-04:00;null;null
2017-08-04T14:17:25-04:00;null;null
2017-08-04T14:17:30-04:00;null;null
2017-08-04T14:17:35-04:00;null;null
2017-08-04T14:17:40-04:00;null;null
2017-08-04T14:17:45-04:00;null;null
2017-08-04T14:17:50-04:00;null;null
2017-08-04T14:17:55-04:00;null;null
2017-08-04T14:18:00-04:00;null;null
2017-08-04T14:18:05-04:00;null;null
2017-08-04T14:18:10-04:00;null;null
2017-08-04T14:18:15-04:00;null;null
2017-08-04T14:18:20-04:00;null;null
2017-08-04T14:18:25-04:00;null;null
2017-08-04T14:18:30-04:00;null;null
2017-08-04T14:18:35-04:00;null;null
2017-08-04T14:18:40-04:00;null;null
2017-08-04T14:18:45-04:00;null;null
2017-08-04T14:18:50-04:00;null;null
2017-08-04T14:18:55-04:00;null;null
2017-08-04T14:19:00-04:00;null;null
2017-08-04T14:19:05-04:00;null;null
2017-08-04T14:19:10-04:00;null;null
2017-08-04T14:19:15-04:00;null;null
2017-08-04T14:19:20-04:00;null;null
2017-08-04T14:19:25-04:00;null;null
2017-08-04T14:19:30-04:00;null;null
2017-08-04T14:19:35-04:00;null;null
2017-08-04T14:19:40-04:00;null;null
2017-08-04T14:19:45-04:00;null;null
2017-08-04T14:19:50-04:00;null;null
2017-08-04T14:19:55-04:00;null;null
2017-08-04T14:20:00-04:00;null;null
2017-08-04T14:20:05-04:00;null;null
2017-08-04T14:20:10-04:00;null;null
2017-08-04T14:20:15-04:00;null;null
2017-08-04T14:20:20-04:00;null;null
2017-08-04T14:20:25-04:00;null;null
2017-08-04T14:20:30-04:00;null;null
2017-08-04T14:20:35-04:00;null;null
2017-08-04T14:20:40-04:00;null;null
2017-08-04T14:20:45-04:00;null;null
2017-08-04T14:20:50-04:00;null;null
2017-08-04T14:20:55-04:00;null;null
2017-08-04T14:21:00-04:00;null;null
2017-08-04T14:21:05-04:00;null;null
2017-08-04T14:21:10-04:00;null;null
2017-08-04T14:21:15-04:00;null;null
2017-08-04T14:21:20-04:00;null;null
2017-08-04T14:21:25-04:00;null;null
2017-08-04T14:21:30-04:00;null;null
2017-08-04T14:21:35-04:00;null;null
2017-08-04T14:21:40-04:00;null;null
2017-08-04T14:21:45-04:00;null;null
2017-08-04T14:21:50-04:00;null;null
2017-08-04T14:21:55-04:00;null;null
2017-08-04T14:22:00-04:00;null;null
2017-08-04T14:22:05-04:00;null;null
2017-08-04T14:22:10-04:00;null;null
2017-08-04T14:22:15-04:00;null;null
2017-08-04T14:22:20-04:00;null;null
2017-08-04T14:22:25-04:00;null;null
2017-08-04T14:22:30-04:00;null;null
2017-08-04T14:22:35-04:00;null;null
2017-08-04T14:22:40-04:00;null;null
2017-08-04T14:22:45-04:00;null;null
2017-08-04T14:22:50-04:00;null;null
2017-08-04T14:22:55-04:00;null;null
2017-08-04T14:23:00-04:00;null;null
2017-08-04T14:23:05-04:00;null;null
2017-08-04T14:23:10-04:00;null;null
2017-08-04T14:23:15-04:00;null;null
2017-08-04T14:23:20-04:00;null;null
2017-08-04T14:23:25-04:00;null;null
2017-08-04T14:23:30-04:00;null;null
2017-08-04T14:23:35-04:00;null;null
2017-08-04T14:23:40-04:00;null;null
2017-08-04T14:23:45-04:00;null;null
2017-08-04T14:23:50-04:00;null;null
2017-08-04T14:23:55-04:00;null;null
2017-08-04T14:24:00-04:00;null;null
2017-08-04T14:24:05-04:00;null;null
2017-08-04T14:24:10-04:00;null;null
2017-08-04T14:24:15-04:00;null;null
2017-08-04T14:24:20-04:00;null;null
2017-08-04T14:24:25-04:00;null;null
2017-08-04T14:24:30-04:00;null;null
2017-08-04T14:24:35-04:00;null;null
2017-08-04T14:24:40-04:00;null;null
2017-08-04T14:24:45-04:00;null;null
2017-08-04T14:24:50-04:00;null;null
2017-08-04T14:24:55-04:00;null;null
2017-08-04T14:25:00-04:00;null;null
2017-08-04T14:25:05-04:00;null;null
2017-08-04T14:25:10-04:00;null;null
2017-08-04T14:25:15-04:00;null;null
2017-08-04T14:25:20-04:00;null;null
2017-08-04T14:25:25-04:00;null;null
2017-08-04T14:25:30-04:00;null;null
2017-08-04T14:25:35-04:00;null;null
2017-08-04T14:25:40-04:00;null;null
2017-08-04T14:25:45-04:00;null;null
2017-08-04T14:25:50-04:00;null;null
2017-08-04T14:25:55-04:00;null;null
2017-08-04T14:26:00-04:00;null;null
2017-08-04T14:26:05-04:00;null;null
2017-08-04T14:26:10-04:00;null;null
2017-08-04T14:26:15-04:00;null;null
2017-08-04T14:26:20-04:00;null;null
2017-08-04T14:26:25-04:00;null;null
2017-08-04T14:26:30-04:00;null;null
2017-08-04T14:26:35-04:00;null;null
2017-08-04T14:26:40-04:00;null;null
2017-08-04T14:26:45-04:00;null;null
2017-08-04T14:26:50-04:00;90.9;70
2017-08-04T14:26:55-04:00;null;null
2017-08-04T14:27:00-04:00;null;null
2017-08-04T14:27:05-04:00;null;null
2017-08-04T14:27:10-04:00;null;null
2017-08-04T14:27:15-04:00;null;null
2017-08-04T14:27:20-04:00;null;null
2017-08-04T14:27:25-04:00;null;null
2017-08-04T14:27:30-04:00;null;null
2017-08-04T14:27:35-04:00;null;null
2017-08-04T14:27:40-04:00;null;null
2017-08-04T14:27:45-04:00;null;null
2017-08-04T14:27:50-04:00;null;null
2017-08-04T14:27:55-04:00;null;null
2017-08-04T14:28:00-04:00;null;null
2017-08-04T14:28:05-04:00;null;null
2017-08-04T14:28:10-04:00;null;null
2017-08-04T14:28:15-04:00;null;null
2017-08-04T14:28:20-04:00;null;null
2017-08-04T14:28:25-04:00;null;null
2017-08-04T14:28:30-04:00;null;null
2017-08-04T14:28:35-04:00;null;null
2017-08-04T14:28:40-04:00;null;null
2017-08-04T14:28:45-04:00;null;null
2017-08-04T14:28:50-04:00;null;null
2017-08-04T14:28:55-04:00;null;null
2017-08-04T14:29:00-04:00;null;null
2017-08-04T14:29:05-04:00;null;null
2017-08-04T14:29:10-04:00;null;null
2017-08-04T14:29:15-04:00;null;null
2017-08-04T14:29:20-04:00;null;null
2017-08-04T14:29:25-04:00;null;null
2017-08-04T14:29:30-04:00;null;null
2017-08-04T14:29:35-04:00;null;null
2017-08-04T14:29:40-04:00;null;null
2017-08-04T14:29:45-04:00;null;null
2017-08-04T14:29:50-04:00;null;null
2017-08-04T14:29:55-04:00;null;null
2017-08-04T14:30:00-04:00;null;null
2017-08-04T14:30:05-04:00;null;null
2017-08-04T14:30:10-04:00;null;null
2017-08-04T14:30:15-04:00;null;null
2017-08-04T14:30:20-04:00;null;null
2017-08-04T14:30:25-04:00;null;null
2017-08-04T14:30:30-04:00;null;null
2017-08-04T14:30:35-04:00;null;null
2017-08-04T14:30:40-04:00;null;null
2017-08-04T14:30:45-04:00;null;null
2017-08-04T14:30:50-04:00;null;null
2017-08-04T14:30:55-04:00;null;null
2017-08-04T14:31:00-04:00;null;null
2017-08-04T14:31:05-04:00;null;null
2017-08-04T14:31:10-04:00;null;null
2017-08-04T14:31:15-04:00;null;null
2017-08-04T14:31:20-04:00;null;null
2017-08-04T14:31:25-04:00;null;null
2017-08-04T14:31:30-04:00;null;null
2017-08-04T14:31:35-04:00;null;null
2017-08-04T14:31:40-04:00;null;null
2017-08-04T14:31:45-04:00;null;null
2017-08-04T14:31:50-04:00;null;null
2017-08-04T14:31:55-04:00;null;null
2017-08-04T14:32:00-04:00;null;null
2017-08-04T14:32:05-04:00;null;null
2017-08-04T14:32:10-04:00;null;null
2017-08-04T14:32:15-04:00;null;null
2017-08-04T14:32:20-04:00;null;null
2017-08-04T14:32:25-04:00;null;null
2017-08-04T14:32:30-04:00;null;null
2017-08-04T14:32:35-04:00;null;null
2017-08-04T14:32:40-04:00;null;null
2017-08-04T14:32:45-04:00;null;null
2017-08-04T14:32:50-04:00;null;null
2017-08-04T14:32:55-04:00;null;null
2017-08-04T14:33:00-04:00;null;null
2017-08-04T14:33:05-04:00;null;null
2017-08-04T14:33:10-04:00;null;null
2017-08-04T14:33:15-04:00;null;null
2017-08-04T14:33:20-04:00;null;null
2017-08-04T14:33:25-04:00;null;null
2017-08-04T14:33:30-04:00;null;null
2017-08-04T14:33:35-04:00;null;null
2017-08-04T14:33:40-04:00;null;null
2017-08-04T14:33:45-04:00;null;null
2017-08-04T14:33:50-04:00;null;null
2017-08-04T14:33:55-04:00;null;null
2017-08-04T14:34:00-04:00;null;null
2017-08-04T14:34:05-04:00;null;null
2017-08-04T14:34:10-04:00;null;null
2017-08-04T14:34:15-04:00;null;null
2017-08-04T14:34:20-04:00;null;null
2017-08-04T14:34:25-04:00;null;null
2017-08-04T14:34:30-04:00;null;null
2017-08-04T14:34:35-04:00;null;null
2017-08-04T14:34:40-04:00;null;null
2017-08-04T14:34:45-04:00;null;null
2017-08-04T14:34:50-04:00;null;null
2017-08-04T14:34:55-04:00;null;null
2017-08-04T14:35:00-04:00;null;null
2017-08-04T14:35:05-04:00;null;null
2017-08-04T14:35:10-04:00;null;null
2017-08-04T14:35:15-04:00;null;null
2017-08-04T14:35:20-04:00;null;null
2017-08-04T14:35:25-04:00;null;null
2017-08-04T14:35:30-04:00;null;null
2017-08-04T14:35:35-04:00;null;null
2017-08-04T14:35:40-04:00;null;null
2017-08-04T14:35:45-04:00;null;null
2017-08-04T14:35:50-04:00;null;null
2017-08-04T14:35:55-04:00;null;null
2017-08-04T14:36:00-04:00;null;null
2017-08-04T14:36:05-04:00;null;null
2017-08-04T14:36:10-04:00;null;null
2017-08-04T14:36:15-04:00;null;null
2017-08-04T14:36:20-04:00;null;null
2017-08-04T14:36:25-04:00;null;null
2017-08-04T14:36:30-04:00;null;null
2017-08-04T14:36:35-04:00;null;null
2017-08-04T14:36:40-04:00;null;null
2017-08-04T14:36:45-04:00;null;null
2017-08-04T14:36:50-04:00;null;null
2017-08-04T14:36:55-04:00;null;null
2017-08-04T14:37:00-04:00;null;null
2017-08-04T14:37:05-04:00;null;null
2017-08-04T14:37:10-04:00;null;null
2017-08-04T14:37:15-04:00;null;null
2017-08-04T14:37:20-04:00;null;null
2017-08-04T14:37:25-04:00;null;null
2017-08-04T14:37:30-04:00;null;null
2017-08-04T14:37:35-04:00;null;null
2017-08-04T14:37:40-04:00;null;null
2017-08-04T14:37:45-04:00;null;null
2017-08-04T14:37:50-04:00;null;null
2017-08-04T14:37:55-04:00;null;null
2017-08-04T14:38:00-04:00;null;null
2017-08-04T14:38:05-04:00;null;null
2017-08-04T14:38:10-04:00;null;null
2017-08-04T14:38:15-04:00;null;null
2017-08-04T14:38:20-04:00;null;null
2017-08-04T14:38:25-04:00;null;null
2017-08-04T14:38:30-04:00;null;null
2017-08-04T14:38:35-04:00;null;null
2017-08-04T14:38:40-04:00;null;null
2017-08-04T14:38:45-04:00;null;null
2017-08-04T14:38:50-04:00;null;null
2017-08-04T14:38:55-04:00;null;null
2017-08-04T14:39:00-04:00;null;null
2017-08-04T14:39:05-04:00;null;null
2017-08-04T14:39:10-04:00;null;null
2017-08-04T14:39:15-04:00;null;null
2017-08-04T14:39:20-04:00;null;null
2017-08-04T14:39:25-04:00;null;null
2017-08-04T14:39:30-04:00;null;null
2017-08-04T14:39:35-04:00;null;null
2017-08-04T14:39:40-04:00;null;null
2017-08-04T14:39:45-04:00;null;null
2017-08-04T14:39:50-04:00;null;null
2017-08-04T14:39:55-04:00;null;null
2017-08-04T14:40:00-04:00;null;null
2017-08-04T14:40:05-04:00;null;null
2017-08-04T14:40:10-04:00;null;null
2017-08-04T14:40:15-04:00;null;null
2017-08-04T14:40:20-04:00;null;null
2017-08-04T14:40:25-04:00;null;null
2017-08-04T14:40:30-04:00;null;null
2017-08-04T14:40:35-04:00;null;null
2017-08-04T14:40:40-04:00;null;null
2017-08-04T14:40:45-04:00;null;null
2017-08-04T14:40:50-04:00;null;null
2017-08-04T14:40:55-04:00;null;null
2017-08-04T14:41:00-04:00;null;null
2017-08-04T14:41:05-04:00;null;null
2017-08-04T14:41:10-04:00;null;null
2017-08-04T14:41:15-04:00;null;null
2017-08-04T14:41:20-04:00;null;null
2017-08-04T14:41:25-04:00;null;null
2017-08-04T14:41:30-04:00;null;null
2017-08-04T14:41:35-04:00;null;null
2017-08-04T14:41:40-04:00;null;null
2017-08-04T14:41:45-04:00;null;null
2017-08-04T14:41:50-04:00;91.3;67
2017-08-04T14:41:55-04:00;null;null
2017-08-04T14:42:00-04:00;null;null
2017-08-04T14:42:05-04:00;null;null
2017-08-04T14:42:10-04:00;null;null
2017-08-04T14:42:15-04:00;null;null
2017-08-04T14:42:20-04:00;null;null
2017-08-04T14:42:25-04:00;null;null
2017-08-04T14:42:30-04:00;null;null
2017-08-04T14:42:35-04:00;null;null
2017-08-04T14:42:40-04:00;null;null
2017-08-04T14:42:45-04:00;null;null
2017-08-04T14:42:50-04:00;null;null
2017-08-04T14:42:55-04:00;null;null
2017-08-04T14:43:00-04:00;null;null
2017-08-04T14:43:05-04:00;null;null
2017-08-04T14:43:10-04:00;null;null
2017-08-04T14:43:15-04:00;null;null
2017-08-04T14:43:20-04:00;null;null
2017-08-04T14:43:25-04:00;null;null
2017-08-04T14:43:30-04:00;null;null
2017-08-04T14:43:35-04:00;null;null
2017-08-04T14:43:40-04:00;null;null
2017-08-04T14:43:45-04:00;null;null
2017-08-04T14:43:50-04:00;null;null
2017-08-04T14:43:55-04:00;null;null
2017-08-04T14:44:00-04:00;null;null
2017-08-04T14:44:05-04:00;null;null
2017-08-04T14:44:10-04:00;null;null
2017-08-04T14:44:15-04:00;null;null
2017-08-04T14:44:20-04:00;null;null
2017-08-04T14:44:25-04:00;null;null
2017-08-04T14:44:30-04:00;null;null
2017-08-04T14:44:35-04:00;null;null
2017-08-04T14:44:40-04:00;null;null
2017-08-04T14:44:45-04:00;null;null
2017-08-04T14:44:50-04:00;null;null
2017-08-04T14:44:55-04:00;null;null
2017-08-04T14:45:00-04:00;null;null
2017-08-04T14:45:05-04:00;null;null
2017-08-04T14:45:10-04:00;null;null
2017-08-04T14:45:15-04:00;null;null
2017-08-04T14:45:20-04:00;null;null
2017-08-04T14:45:25-04:00;null;null
2017-08-04T14:45:30-04:00;null;null
2017-08-04T14:45:35-04:00;null;null
2017-08-04T14:45:40-04:00;null;null
2017-08-04T14:45:45-04:00;null;null
2017-08-04T14:45:50-04:00;null;null
2017-08-04T14:45:55-04:00;null;null
2017-08-04T14:46:00-04:00;null;null
2017-08-04T14:46:05-04:00;null;null
2017-08-04T14:46:10-04:00;null;null
2017-08-04T14:46:15-04:00;null;null
2017-08-04T14:46:20-04:00;null;null
2017-08-04T14:46:25-04:00;null;null
2017-08-04T14:46:30-04:00;null;null
2017-08-04T14:46:35-04:00;null;null
2017-08-04T14:46:40-04:00;null;null
2017-08-04T14:46:45-04:00;null;null
2017-08-04T14:46:50-04:00;null;null
2017-08-04T14:46:55-04:00;null;null
2017-08-04T14:47:00-04:00;null;null
2017-08-04T14:47:05-04:00;null;null
2017-08-04T14:47:10-04:00;null;null
2017-08-04T14:47:15-04:00;null;null
2017-08-04T14:47:20-04:00;null;null
2017-08-04T14:47:25-04:00;null;null
2017-08-04T14:47:30-04:00;null;null
2017-08-04T14:47:35-04:00;null;null
2017-08-04T14:47:40-04:00;null;null
2017-08-04T14:47:45-04:00;null;null
2017-08-04T14:47:50-04:00;null;null
2017-08-04T14:47:55-04:00;null;null
2017-08-04T14:48:00-04:00;null;null
2017-08-04T14:48:05-04:00;null;null
2017-08-04T14:48:10-04:00;null;null
2017-08-04T14:48:15-04:00;null;null
2017-08-04T14:48:20-04:00;null;null
2017-08-04T14:48:25-04:00;null;null
2017-08-04T14:48:30-04:00;null;null
2017-08-04T14:48:35-04:00;null;null
2017-08-04T14:48:40-04:00;null;null
2017-08-04T14:48:45-04:00;null;null
2017-08-04T14:48:50-04:00;null;null
2017-08-04T14:48:55-04:00;null;null
2017-08-04T14:49:00-04:00;null;null
2017-08-04T14:49:05-04:00;null;null
2017-08-04T14:49:10-04:00;null;null
2017-08-04T14:49:15-04:00;null;null
2017-08-04T14:49:20-04:00;null;null
2017-08-04T14:49:25-04:00;null;null
2017-08-04T14:49:30-04:00;null;null
2017-08-04T14:49:35-04:00;null;null
2017-08-04T14:49:40-04:00;null;null
2017-08-04T14:49:45-04:00;null;null
2017-08-04T14:49:50-04:00;null;null
2017-08-04T14:49:55-04:00;null;null
2017-08-04T14:50:00-04:00;null;null
2017-08-04T14:50:05-04:00;null;null
2017-08-04T14:50:10-04:00;null;null
2017-08-04T14:50:15-04:00;null;null
2017-08-04T14:50:20-04:00;null;null
2017-08-04T14:50:25-04:00;null;null
2017-08-04T14:50:30-04:00;null;null
2017-08-04T14:50:35-04:00;null;null
2017-08-04T14:50:40-04:00;null;null
2017-08-04T14:50:45-04:00;null;null
2017-08-04T14:50:50-04:00;null;null
2017-08-04T14:50:55-04:00;null;null
2017-08-04T14:51:00-04:00;null;null
2017-08-04T14:51:05-04:00;null;null
2017-08-04T14:51:10-04:00;null;null
2017-08-04T14:51:15-04:00;null;null
2017-08-04T14:51:20-04:00;null;null
2017-08-04T14:51:25-04:00;null;null
2017-08-04T14:51:30-04:00;null;null
2017-08-04T14:51:35-04:00;null;null
2017-08-04T14:51:40-04:00;null;null
2017-08-04T14:51:45-04:00;null;null
2017-08-04T14:51:50-04:00;null;null
2017-08-04T14:51:55-04:00;null;null
2017-08-04T14:52:00-04:00;null;null
2017-08-04T14:52:05-04:00;null;null
2017-08-04T14:52:10-04:00;null;null
2017-08-04T14:52:15-04:00;null;null
2017-08-04T14:52:20-04:00;null;null
2017-08-04T14:52:25-04:00;null;null
2017-08-04T14:52:30-04:00;null;null
2017-08-04T14:52:35-04:00;null;null
2017-08-04T14:52:40-04:00;null;null
2017-08-04T14:52:45-04:00;null;null
2017-08-04T14:52:50-04:00;null;null
2017-08-04T14:52:55-04:00;null;null
2017-08-04T14:53:00-04:00;null;null
2017-08-04T14:53:05-04:00;null;null
2017-08-04T14:53:10-04:00;null;null
2017-08-04T14:53:15-04:00;null;null
2017-08-04T14:53:20-04:00;null;null
2017-08-04T14:53:25-04:00;null;null
2017-08-04T14:53:30-04:00;null;null
2017-08-04T14:53:35-04:00;null;null
2017-08-04T14:53:40-04:00;null;null
2017-08-04T14:53:45-04:00;null;null
2017-08-04T14:53:50-04:00;null;null
2017-08-04T14:53:55-04:00;null;null
2017-08-04T14:54:00-04:00;null;null
2017-08-04T14:54:05-04:00;null;null
2017-08-04T14:54:10-04:00;null;null
2017-08-04T14:54:15-04:00;null;null
2017-08-04T14:54:20-04:00;null;null
2017-08-04T14:54:25-04:00;null;null
2017-08-04T14:54:30-04:00;null;null
2017-08-04T14:54:35-04:00;null;null
2017-08-04T14:54:40-04:00;null;null
2017-08-04T14:54:45-04:00;null;null
2017-08-04T14:54:50-04:00;null;null
2017-08-04T14:54:55-04:00;null;null
2017-08-04T14:55:00-04:00;null;null
2017-08-04T14:55:05-04:00;null;null
2017-08-04T14:55:10-04:00;null;null
2017-08-04T14:55:15-04:00;null;null
2017-08-04T14:55:20-04:00;null;null
2017-08-04T14:55:25-04:00;null;null
2017-08-04T14:55:30-04:00;null;null
2017-08-04T14:55:35-04:00;null;null
2017-08-04T14:55:40-04:00;null;null
2017-08-04T14:55:45-04:00;null;null
2017-08-04T14:55:50-04:00;null;null
2017-08-04T14:55:55-04:00;null;null
2017-08-04T14:56:00-04:00;null;null
2017-08-04T14:56:05-04:00;null;null
2017-08-04T14:56:10-04:00;null;null
2017-08-04T14:56:15-04:00;null;null
2017-08-04T14:56:20-04:00;null;null
2017-08-04T14:56:25-04:00;null;null
2017-08-04T14:56:30-04:00;null;null
2017-08-04T14:56:35-04:00;null;null
2017-08-04T14:56:40-04:00;null;null
2017-08-04T14:56:45-04:00;null;null
2017-08-04T14:56:50-04:00;91.5;69
2017-08-04T14:56:55-04:00;null;null
2017-08-04T14:57:00-04:00;null;null
2017-08-04T14:57:05-04:00;null;null
2017-08-04T14:57:10-04:00;null;null
2017-08-04T14:57:15-04:00;null;null
2017-08-04T14:57:20-04:00;null;null
2017-08-04T14:57:25-04:00;null;null
2017-08-04T14:57:30-04:00;null;null
2017-08-04T14:57:35-04:00;null;null
2017-08-04T14:57:40-04:00;null;null
2017-08-04T14:57:45-04:00;null;null
2017-08-04T14:57:50-04:00;null;null
2017-08-04T14:57:55-04:00;null;null
2017-08-04T14:58:00-04:00;null;null
2017-08-04T14:58:05-04:00;null;null
2017-08-04T14:58:10-04:00;null;null
2017-08-04T14:58:15-04:00;null;null
2017-08-04T14:58:20-04:00;null;null
2017-08-04T14:58:25-04:00;null;null
2017-08-04T14:58:30-04:00;null;null
2017-08-04T14:58:35-04:00;null;null
2017-08-04T14:58:40-04:00;null;null
2017-08-04T14:58:45-04:00;null;null
2017-08-04T14:58:50-04:00;null;null
2017-08-04T14:58:55-04:00;null;null
2017-08-04T14:59:00-04:00;null;null
2017-08-04T14:59:05-04:00;null;null
2017-08-04T14:59:10-04:00;null;null
2017-08-04T14:59:15-04:00;null;null
2017-08-04T14:59:20-04:00;null;null
2017-08-04T14:59:25-04:00;null;null
2017-08-04T14:59:30-04:00;null;null
2017-08-04T14:59:35-04:00;null;null
2017-08-04T14:59:40-04:00;null;null
2017-08-04T14:59:45-04:00;null;null
2017-08-04T14:59:50-04:00;null;null
2017-08-04T14:59:55-04:00;null;null
2017-08-04T15:00:00-04:00;null;null
2017-08-04T15:00:05-04:00;null;null
2017-08-04T15:00:10-04:00;null;null
2017-08-04T15:00:15-04:00;null;null
2017-08-04T15:00:20-04:00;null;null
2017-08-04T15:00:25-04:00;null;null
2017-08-04T15:00:30-04:00;null;null
2017-08-04T15:00:35-04:00;null;null
2017-08-04T15:00:40-04:00;null;null
2017-08-04T15:00:45-04:00;null;null
2017-08-04T15:00:50-04:00;null;null
2017-08-04T15:00:55-04:00;null;null
2017-08-04T15:01:00-04:00;null;null
2017-08-04T15:01:05-04:00;null;null
2017-08-04T15:01:10-04:00;null;null
2017-08-04T15:01:15-04:00;null;null
2017-08-04T15:01:20-04:00;null;null
2017-08-04T15:01:25-04:00;null;null
2017-08-04T15:01:30-04:00;null;null
2017-08-04T15:01:35-04:00;null;null
2017-08-04T15:01:40-04:00;null;null
2017-08-04T15:01:45-04:00;null;null
2017-08-04T15:01:50-04:00;null;null
2017-08-04T15:01:55-04:00;null;null
2017-08-04T15:02:00-04:00;null;null
2017-08-04T15:02:05-04:00;null;null
2017-08-04T15:02:10-04:00;null;null
2017-08-04T15:02:15-04:00;null;null
2017-08-04T15:02:20-04:00;null;null
2017-08-04T15:02:25-04:00;null;null
2017-08-04T15:02:30-04:00;null;null
2017-08-04T15:02:35-04:00;null;null
2017-08-04T15:02:40-04:00;null;null
2017-08-04T15:02:45-04:00;null;null
2017-08-04T15:02:50-04:00;null;null
2017-08-04T15:02:55-04:00;null;null
2017-08-04T15:03:00-04:00;null;null
2017-08-04T15:03:05-04:00;null;null
2017-08-04T15:03:10-04:00;null;null
2017-08-04T15:03:15-04:00;null;null
2017-08-04T15:03:20-04:00;null;null
2017-08-04T15:03:25-04:00;null;null
2017-08-04T15:03:30-04:00;null;null
2017-08-04T15:03:35-04:00;null;null
2017-08-04T15:03:40-04:00;null;null
2017-08-04T15:03:45-04:00;null;null
2017-08-04T15:03:50-04:00;null;null
2017-08-04T15:03:55-04:00;null;null
2017-08-04T15:04:00-04:00;null;null
2017-08-04T15:04:05-04:00;null;null
2017-08-04T15:04:10-04:00;null;null
2017-08-04T15:04:15-04:00;null;null
2017-08-04T15:04:20-04:00;null;null
2017-08-04T15:04:25-04:00;null;null
2017-08-04T15:04:30-04:00;null;null
2017-08-04T15:04:35-04:00;null;null
2017-08-04T15:04:40-04:00;null;null
2017-08-04T15:04:45-04:00;null;null
2017-08-04T15:04:50-04:00;null;null
2017-08-04T15:04:55-04:00;null;null
2017-08-04T15:05:00-04:00;null;null
2017-08-04T15:05:05-04:00;null;null
2017-08-04T15:05:10-04:00;null;null
2017-08-04T15:05:15-04:00;null;null
2017-08-04T15:05:20-04:00;null;null
2017-08-04T15:05:25-04:00;null;null
2017-08-04T15:05:30-04:00;null;null
2017-08-04T15:05:35-04:00;null;null
2017-08-04T15:05:40-04:00;null;null
2017-08-04T15:05:45-04:00;null;null
2017-08-04T15:05:50-04:00;null;null
2017-08-04T15:05:55-04:00;null;null
2017-08-04T15:06:00-04:00;null;null
2017-08-04T15:06:05-04:00;null;null
2017-08-04T15:06:10-04:00;null;null
2017-08-04T15:06:15-04:00;null;null
2017-08-04T15:06:20-04:00;null;null
2017-08-04T15:06:25-04:00;null;null
2017-08-04T15:06:30-04:00;null;null
2017-08-04T15:06:35-04:00;null;null
2017-08-04T15:06:40-04:00;null;null
2017-08-04T15:06:45-04:00;null;null
2017-08-04T15:06:50-04:00;null;null
2017-08-04T15:06:55-04:00;null;null
2017-08-04T15:07:00-04:00;null;null
2017-08-04T15:07:05-04:00;null;null
2017-08-04T15:07:10-04:00;null;null
2017-08-04T15:07:15-04:00;null;null
2017-08-04T15:07:20-04:00;null;null
2017-08-04T15:07:25-04:00;null;null
2017-08-04T15:07:30-04:00;null;null
2017-08-04T15:07:35-04:00;null;null
2017-08-04T15:07:40-04:00;null;null
2017-08-04T15:07:45-04:00;null;null
2017-08-04T15:07:50-04:00;null;null
2017-08-04T15:07:55-04:00;null;null
2017-08-04T15:08:00-04:00;null;null
2017-08-04T15:08:05-04:00;null;null
2017-08-04T15:08:10-04:00;null;null
2017-08-04T15:08:15-04:00;null;null
2017-08-04T15:08:20-04:00;null;null
2017-08-04T15:08:25-04:00;null;null
2017-08-04T15:08:30-04:00;null;null
2017-08-04T15:08:35-04:00;null;null
2017-08-04T15:08:40-04:00;null;null
2017-08-04T15:08:45-04:00;null;null
2017-08-04T15:08:50-04:00;null;null
2017-08-04T15:08:55-04:00;null;null
2017-08-04T15:09:00-04:00;null;null
2017-08-04T15:09:05-04:00;null;null
2017-08-04T15:09:10-04:00;null;null
2017-08-04T15:09:15-04:00;null;null
2017-08-04T15:09:20-04:00;null;null
2017-08-04T15:09:25-04:00;null;null
2017-08-04T15:09:30-04:00;null;null
2017-08-04T15:09:35-04:00;null;null
2017-08-04T15:09:40-04:00;null;null
2017-08-04T15:09:45-04:00;null;null
2017-08-04T15:09:50-04:00;null;null
2017-08-04T15:09:55-04:00;null;null
2017-08-04T15:10:00-04:00;null;null
2017-08-04T15:10:05-04:00;null;null
2017-08-04T15:10:10-04:00;null;null
2017-08-04T15:10:15-04:00;null;null
2017-08-04T15:10:20-04:00;null;null
2017-08-04T15:10:25-04:00;null;null
2017-08-04T15:10:30-04:00;null;null
2017-08-04T15:10:35-04:00;null;null
2017-08-04T15:10:40-04:00;null;null
2017-08-04T15:10:45-04:00;null;null
2017-08-04T15:10:50-04:00;null;null
2017-08-04T15:10:55-04:00;null;null
2017-08-04T15:11:00-04:00;null;null
2017-08-04T15:11:05-04:00;null;null
2017-08-04T15:11:10-04:00;null;null
2017-08-04T15:11:15-04:00;null;null
2017-08-04T15:11:20-04:00;null;null
2017-08-04T15:11:25-04:00;null;null
2017-08-04T15:11:30-04:00;null;null
2017-08-04T15:11:35-04:00;null;null
2017-08-04T15:11:40-04:00;null;null
2017-08-04T15:11:45-04:00;null;null
2017-08-04T15:11:50-04:00;91.7;69
2017-08-04T15:11:55-04:00;null;null
2017-08-04T15:12:00-04:00;null;null
2017-08-04T15:12:05-04:00;null;null
2017-08-04T15:12:10-04:00;null;null
2017-08-04T15:12:15-04:00;null;null
2017-08-04T15:12:20-04:00;null;null
2017-08-04T15:12:25-04:00;null;null
2017-08-04T15:12:30-04:00;null;null
2017-08-04T15:12:35-04:00;null;null
2017-08-04T15:12:40-04:00;null;null
2017-08-04T15:12:45-04:00;null;null
2017-08-04T15:12:50-04:00;null;null
2017-08-04T15:12:55-04:00;null;null
2017-08-04T15:13:00-04:00;null;null
2017-08-04T15:13:05-04:00;null;null
2017-08-04T15:13:10-04:00;null;null
2017-08-04T15:13:15-04:00;null;null
2017-08-04T15:13:20-04:00;null;null
2017-08-04T15:13:25-04:00;null;null
2017-08-04T15:13:30-04:00;null;null
2017-08-04T15:13:35-04:00;null;null
2017-08-04T15:13:40-04:00;null;null
2017-08-04T15:13:45-04:00;null;null
2017-08-04T15:13:50-04:00;null;null
2017-08-04T15:13:55-04:00;null;null
2017-08-04T15:14:00-04:00;null;null
2017-08-04T15:14:05-04:00;null;null
2017-08-04T15:14:10-04:00;null;null
2017-08-04T15:14:15-04:00;null;null
2017-08-04T15:14:20-04:00;null;null
2017-08-04T15:14:25-04:00;null;null
2017-08-04T15:14:30-04:00;null;null
2017-08-04T15:14:35-04:00;null;null
2017-08-04T15:14:40-04:00;null;null
2017-08-04T15:14:45-04:00;null;null
2017-08-04T15:14:50-04:00;null;null
2017-08-04T15:14:55-04:00;null;null
2017-08-04T15:15:00-04:00;null;null
2017-08-04T15:15:05-04:00;null;null
2017-08-04T15:15:10-04:00;null;null
2017-08-04T15:15:15-04:00;null;null
2017-08-04T15:15:20-04:00;null;null
2017-08-04T15:15:25-04:00;null;null
2017-08-04T15:15:30-04:00;null;null
2017-08-04T15:15:35-04:00;null;null
2017-08-04T15:15:40-04:00;null;null
2017-08-04T15:15:45-04:00;null;null
2017-08-04T15:15:50-04:00;null;null
2017-08-04T15:15:55-04:00;null;null
2017-08-04T15:16:00-04:00;null;null
2017-08-04T15:16:05-04:00;null;null
2017-08-04T15:16:10-04:00;null;null
2017-08-04T15:16:15-04:00;null;null
2017-08-04T15:16:20-04:00;null;null
2017-08-04T15:16:25-04:00;null;null
2017-08-04T15:16:30-04:00;null;null
2017-08-04T15:16:35-04:00;null;null
2017-08-04T15:16:40-04:00;null;null
2017-08-04T15:16:45-04:00;null;null
2017-08-04T15:16:50-04:00;null;null
2017-08-04T15:16:55-04:00;null;null
2017-08-04T15:17:00-04:00;null;null
2017-08-04T15:17:05-04:00;null;null
2017-08-04T15:17:10-04:00;null;null
2017-08-04T15:17:15-04:00;null;null
2017-08-04T15:17:20-04:00;null;null
2017-08-04T15:17:25-04:00;null;null
2017-08-04T15:17:30-04:00;null;null
2017-08-04T15:17:35-04:00;null;null
2017-08-04T15:17:40-04:00;null;null
2017-08-04T15:17:45-04:00;null;null
2017-08-04T15:17:50-04:00;null;null
2017-08-04T15:17:55-04:00;null;null
2017-08-04T15:18:00-04:00;null;null
2017-08-04T15:18:05-04:00;null;null
2017-08-04T15:18:10-04:00;null;null
2017-08-04T15:18:15-04:00;null;null
2017-08-04T15:18:20-04:00;null;null
2017-08-04T15:18:25-04:00;null;null
2017-08-04T15:18:30-04:00;null;null
2017-08-04T15:18:35-04:00;null;null
2017-08-04T15:18:40-04:00;null;null
2017-08-04T15:18:45-04:00;null;null
2017-08-04T15:18:50-04:00;null;null
2017-08-04T15:18:55-04:00;null;null
2017-08-04T15:19:00-04:00;null;null
2017-08-04T15:19:05-04:00;null;null
2017-08-04T15:19:10-04:00;null;null
2017-08-04T15:19:15-04:00;null;null
2017-08-04T15:19:20-04:00;null;null
2017-08-04T15:19:25-04:00;null;null
2017-08-04T15:19:30-04:00;null;null
2017-08-04T15:19:35-04:00;null;null
2017-08-04T15:19:40-04:00;null;null
2017-08-04T15:19:45-04:00;null;null
2017-08-04T15:19:50-04:00;null;null
2017-08-04T15:19:55-04:00;null;null
2017-08-04T15:20:00-04:00;null;null
2017-08-04T15:20:05-04:00;null;null
2017-08-04T15:20:10-04:00;null;null
2017-08-04T15:20:15-04:00;null;null
2017-08-04T15:20:20-04:00;null;null
2017-08-04T15:20:25-04:00;null;null
2017-08-04T15:20:30-04:00;null;null
2017-08-04T15:20:35-04:00;null;null
2017-08-04T15:20:40-04:00;null;null
2017-08-04T15:20:45-04:00;null;null
2017-08-04T15:20:50-04:00;null;null
2017-08-04T15:20:55-04:00;null;null
2017-08-04T15:21:00-04:00;null;null
2017-08-04T15:21:05-04:00;null;null
2017-08-04T15:21:10-04:00;null;null
2017-08-04T15:21:15-04:00;null;null
2017-08-04T15:21:20-04:00;null;null
2017-08-04T15:21:25-04:00;null;null
2017-08-04T15:21:30-04:00;null;null
2017-08-04T15:21:35-04:00;null;null
2017-08-04T15:21:40-04:00;null;null
2017-08-04T15:21:45-04:00;null;null
2017-08-04T15:21:50-04:00;null;null
2017-08-04T15:21:55-04:00;null;null
2017-08-04T15:22:00-04:00;null;null
2017-08-04T15:22:05-04:00;null;null
2017-08-04T15:22:10-04:00;null;null
2017-08-04T15:22:15-04:00;null;null
2017-08-04T15:22:20-04:00;null;null
2017-08-04T15:22:25-04:00;null;null
2017-08-04T15:22:30-04:00;null;null
2017-08-04T15:22:35-04:00;null;null
2017-08-04T15:22:40-04:00;null;null
2017-08-04T15:22:45-04:00;null;null
2017-08-04T15:22:50-04:00;null;null
2017-08-04T15:22:55-04:00;null;null
2017-08-04T15:23:00-04:00;null;null
2017-08-04T15:23:05-04:00;null;null
2017-08-04T15:23:10-04:00;null;null
2017-08-04T15:23:15-04:00;null;null
2017-08-04T15:23:20-04:00;null;null
2017-08-04T15:23:25-04:00;null;null
2017-08-04T15:23:30-04:00;null;null
2017-08-04T15:23:35-04:00;null;null
2017-08-04T15:23:40-04:00;null;null
2017-08-04T15:23:45-04:00;null;null
2017-08-04T15:23:50-04:00;null;null
2017-08-04T15:23:55-04:00;null;null
2017-08-04T15:24:00-04:00;null;null
2017-08-04T15:24:05-04:00;null;null
2017-08-04T15:24:10-04:00;null;null
2017-08-04T15:24:15-04:00;null;null
2017-08-04T15:24:20-04:00;null;null
2017-08-04T15:24:25-04:00;null;null
2017-08-04T15:24:30-04:00;null;null
2017-08-04T15:24:35-04:00;null;null
2017-08-04T15:24:40-04:00;null;null
2017-08-04T15:24:45-04:00;null;null
2017-08-04T15:24:50-04:00;null;null
2017-08-04T15:24:55-04:00;null;null
2017-08-04T15:25:00-04:00;null;null
2017-08-04T15:25:05-04:00;null;null
2017-08-04T15:25:10-04:00;null;null
2017-08-04T15:25:15-04:00;null;null
2017-08-04T15:25:20-04:00;null;null
2017-08-04T15:25:25-04:00;null;null
2017-08-04T15:25:30-04:00;null;null
2017-08-04T15:25:35-04:00;null;null
2017-08-04T15:25:40-04:00;null;null
2017-08-04T15:25:45-04:00;null;null
2017-08-04T15:25:50-04:00;null;null
2017-08-04T15:25:55-04:00;null;null
2017-08-04T15:26:00-04:00;null;null
2017-08-04T15:26:05-04:00;null;null
2017-08-04T15:26:10-04:00;null;null
2017-08-04T15:26:15-04:00;null;null
2017-08-04T15:26:20-04:00;null;null
2017-08-04T15:26:25-04:00;null;null
2017-08-04T15:26:30-04:00;null;null
2017-08-04T15:26:35-04:00;null;null
2017-08-04T15:26:40-04:00;null;null
2017-08-04T15:26:45-04:00;null;null
2017-08-04T15:26:50-04:00;91.5;69
2017-08-04T15:26:55-04:00;null;null
2017-08-04T15:27:00-04:00;null;null
2017-08-04T15:27:05-04:00;null;null
2017-08-04T15:27:10-04:00;null;null
2017-08-04T15:27:15-04:00;null;null
2017-08-04T15:27:20-04:00;null;null
2017-08-04T15:27:25-04:00;null;null
2017-08-04T15:27:30-04:00;null;null
2017-08-04T15:27:35-04:00;null;null
2017-08-04T15:27:40-04:00;null;null
2017-08-04T15:27:45-04:00;null;null
2017-08-04T15:27:50-04:00;null;null
2017-08-04T15:27:55-04:00;null;null
2017-08-04T15:28:00-04:00;null;null
2017-08-04T15:28:05-04:00;null;null
2017-08-04T15:28:10-04:00;null;null
2017-08-04T15:28:15-04:00;null;null
2017-08-04T15:28:20-04:00;null;null
2017-08-04T15:28:25-04:00;null;null
2017-08-04T15:28:30-04:00;null;null
2017-08-04T15:28:35-04:00;null;null
2017-08-04T15:28:40-04:00;null;null
2017-08-04T15:28:45-04:00;null;null
2017-08-04T15:28:50-04:00;null;null
2017-08-04T15:28:55-04:00;null;null
2017-08-04T15:29:00-04:00;null;null
2017-08-04T15:29:05-04:00;null;null
2017-08-04T15:29:10-04:00;null;null
2017-08-04T15:29:15-04:00;null;null
2017-08-04T15:29:20-04:00;null;null
2017-08-04T15:29:25-04:00;null;null
2017-08-04T15:29:30-04:00;null;null
2017-08-04T15:29:35-04:00;null;null
2017-08-04T15:29:40-04:00;null;null
2017-08-04T15:29:45-04:00;null;null
2017-08-04T15:29:50-04:00;null;null
2017-08-04T15:29:55-04:00;null;null
2017-08-04T15:30:00-04:00;null;null
2017-08-04T15:30:05-04:00;null;null
2017-08-04T15:30:10-04:00;null;null
2017-08-04T15:30:15-04:00;null;null
2017-08-04T15:30:20-04:00;null;null
2017-08-04T15:30:25-04:00;null;null
2017-08-04T15:30:30-04:00;null;null
2017-08-04T15:30:35-04:00;null;null
2017-08-04T15:30:40-04:00;null;null
2017-08-04T15:30:45-04:00;null;null
2017-08-04T15:30:50-04:00;null;null
2017-08-04T15:30:55-04:00;null;null
2017-08-04T15:31:00-04:00;null;null
2017-08-04T15:31:05-04:00;null;null
2017-08-04T15:31:10-04:00;null;null
2017-08-04T15:31:15-04:00;null;null
2017-08-04T15:31:20-04:00;null;null
2017-08-04T15:31:25-04:00;null;null
2017-08-04T15:31:30-04:00;null;null
2017-08-04T15:31:35-04:00;null;null
2017-08-04T15:31:40-04:00;null;null
2017-08-04T15:31:45-04:00;null;null
2017-08-04T15:31:50-04:00;null;null
2017-08-04T15:31:55-04:00;null;null
2017-08-04T15:32:00-04:00;null;null
2017-08-04T15:32:05-04:00;null;null
2017-08-04T15:32:10-04:00;null;null
2017-08-04T15:32:15-04:00;null;null
2017-08-04T15:32:20-04:00;null;null
2017-08-04T15:32:25-04:00;null;null
2017-08-04T15:32:30-04:00;null;null
2017-08-04T15:32:35-04:00;null;null
2017-08-04T15:32:40-04:00;null;null
2017-08-04T15:32:45-04:00;null;null
2017-08-04T15:32:50-04:00;null;null
2017-08-04T15:32:55-04:00;null;null
2017-08-04T15:33:00-04:00;null;null
2017-08-04T15:33:05-04:00;null;null
2017-08-04T15:33:10-04:00;null;null
2017-08-04T15:33:15-04:00;null;null
2017-08-04T15:33:20-04:00;null;null
2017-08-04T15:33:25-04:00;null;null
2017-08-04T15:33:30-04:00;null;null
2017-08-04T15:33:35-04:00;null;null
2017-08-04T15:33:40-04:00;null;null
2017-08-04T15:33:45-04:00;null;null
2017-08-04T15:33:50-04:00;null;null
2017-08-04T15:33:55-04:00;null;null
2017-08-04T15:34:00-04:00;null;null
2017-08-04T15:34:05-04:00;null;null
2017-08-04T15:34:10-04:00;null;null
2017-08-04T15:34:15-04:00;null;null
2017-08-04T15:34:20-04:00;null;null
2017-08-04T15:34:25-04:00;null;null
2017-08-04T15:34:30-04:00;null;null
2017-08-04T15:34:35-04:00;null;null
2017-08-04T15:34:40-04:00;null;null
2017-08-04T15:34:45-04:00;null;null
2017-08-04T15:34:50-04:00;null;null
2017-08-04T15:34:55-04:00;null;null
2017-08-04T15:35:00-04:00;null;null
2017-08-04T15:35:05-04:00;null;null
2017-08-04T15:35:10-04:00;null;null
2017-08-04T15:35:15-04:00;null;null
2017-08-04T15:35:20-04:00;null;null
2017-08-04T15:35:25-04:00;null;null
2017-08-04T15:35:30-04:00;null;null
2017-08-04T15:35:35-04:00;null;null
2017-08-04T15:35:40-04:00;null;null
2017-08-04T15:35:45-04:00;null;null
2017-08-04T15:35:50-04:00;null;null
2017-08-04T15:35:55-04:00;null;null
2017-08-04T15:36:00-04:00;null;null
2017-08-04T15:36:05-04:00;null;null
2017-08-04T15:36:10-04:00;null;null
2017-08-04T15:36:15-04:00;null;null
2017-08-04T15:36:20-04:00;null;null
2017-08-04T15:36:25-04:00;null;null
2017-08-04T15:36:30-04:00;null;null
2017-08-04T15:36:35-04:00;null;null
2017-08-04T15:36:40-04:00;null;null
2017-08-04T15:36:45-04:00;null;null
2017-08-04T15:36:50-04:00;null;null
2017-08-04T15:36:55-04:00;null;null
2017-08-04T15:37:00-04:00;null;null
2017-08-04T15:37:05-04:00;null;null
2017-08-04T15:37:10-04:00;null;null
2017-08-04T15:37:15-04:00;null;null
2017-08-04T15:37:20-04:00;null;null
2017-08-04T15:37:25-04:00;null;null
2017-08-04T15:37:30-04:00;null;null
2017-08-04T15:37:35-04:00;null;null
2017-08-04T15:37:40-04:00;null;null
2017-08-04T15:37:45-04:00;null;null
2017-08-04T15:37:50-04:00;null;null
2017-08-04T15:37:55-04:00;null;null
2017-08-04T15:38:00-04:00;null;null
2017-08-04T15:38:05-04:00;null;null
2017-08-04T15:38:10-04:00;null;null
2017-08-04T15:38:15-04:00;null;null
2017-08-04T15:38:20-04:00;null;null
2017-08-04T15:38:25-04:00;null;null
2017-08-04T15:38:30-04:00;null;null
2017-08-04T15:38:35-04:00;null;null
2017-08-04T15:38:40-04:00;null;null
2017-08-04T15:38:45-04:00;null;null
2017-08-04T15:38:50-04:00;null;null
2017-08-04T15:38:55-04:00;null;null
2017-08-04T15:39:00-04:00;null;null
2017-08-04T15:39:05-04:00;null;null
2017-08-04T15:39:10-04:00;null;null
2017-08-04T15:39:15-04:00;null;null
2017-08-04T15:39:20-04:00;null;null
2017-08-04T15:39:25-04:00;null;null
2017-08-04T15:39:30-04:00;null;null
2017-08-04T15:39:35-04:00;null;null
2017-08-04T15:39:40-04:00;null;null
2017-08-04T15:39:45-04:00;null;null
2017-08-04T15:39:50-04:00;null;null
2017-08-04T15:39:55-04:00;null;null
2017-08-04T15:40:00-04:00;null;null
2017-08-04T15:40:05-04:00;null;null
2017-08-04T15:40:10-04:00;null;null
2017-08-04T15:40:15-04:00;null;null
2017-08-04T15:40:20-04:00;null;null
2017-08-04T15:40:25-04:00;null;null
2017-08-04T15:40:30-04:00;null;null
2017-08-04T15:40:35-04:00;null;null
2017-08-04T15:40:40-04:00;null;null
2017-08-04T15:40:45-04:00;null;null
2017-08-04T15:40:50-04:00;null;null
2017-08-04T15:40:55-04:00;null;null
2017-08-04T15:41:00-04:00;null;null
2017-08-04T15:41:05-04:00;null;null
2017-08-04T15:41:10-04:00;null;null
2017-08-04T15:41:15-04:00;null;null
2017-08-04T15:41:20-04:00;null;null
2017-08-04T15:41:25-04:00;null;null
2017-08-04T15:41:30-04:00;null;null
2017-08-04T15:41:35-04:00;null;null
2017-08-04T15:41:40-04:00;null;null
2017-08-04T15:41:45-04:00;null;null
2017-08-04T15:41:50-04:00;90.8;69
2017-08-04T15:41:55-04:00;null;null
2017-08-04T15:42:00-04:00;null;null
2017-08-04T15:42:05-04:00;null;null
2017-08-04T15:42:10-04:00;null;null
2017-08-04T15:42:15-04:00;null;null
2017-08-04T15:42:20-04:00;null;null
2017-08-04T15:42:25-04:00;null;null
2017-08-04T15:42:30-04:00;null;null
2017-08-04T15:42:35-04:00;null;null
2017-08-04T15:42:40-04:00;null;null
2017-08-04T15:42:45-04:00;null;null
2017-08-04T15:42:50-04:00;null;null
2017-08-04T15:42:55-04:00;null;null
2017-08-04T15:43:00-04:00;null;null
2017-08-04T15:43:05-04:00;null;null
2017-08-04T15:43:10-04:00;null;null
2017-08-04T15:43:15-04:00;null;null
2017-08-04T15:43:20-04:00;null;null
2017-08-04T15:43:25-04:00;null;null
2017-08-04T15:43:30-04:00;null;null
2017-08-04T15:43:35-04:00;null;null
2017-08-04T15:43:40-04:00;null;null
2017-08-04T15:43:45-04:00;null;null
2017-08-04T15:43:50-04:00;null;null
2017-08-04T15:43:55-04:00;null;null
2017-08-04T15:44:00-04:00;null;null
2017-08-04T15:44:05-04:00;null;null
2017-08-04T15:44:10-04:00;null;null
2017-08-04T15:44:15-04:00;null;null
2017-08-04T15:44:20-04:00;null;null
2017-08-04T15:44:25-04:00;null;null
2017-08-04T15:44:30-04:00;null;null
2017-08-04T15:44:35-04:00;null;null
2017-08-04T15:44:40-04:00;null;null
2017-08-04T15:44:45-04:00;null;null
2017-08-04T15:44:50-04:00;null;null
2017-08-04T15:44:55-04:00;null;null
2017-08-04T15:45:00-04:00;null;null
2017-08-04T15:45:05-04:00;null;null
2017-08-04T15:45:10-04:00;null;null
2017-08-04T15:45:15-04:00;null;null
2017-08-04T15:45:20-04:00;null;null
2017-08-04T15:45:25-04:00;null;null
2017-08-04T15:45:30-04:00;null;null
2017-08-04T15:45:35-04:00;null;null
2017-08-04T15:45:40-04:00;null;null
2017-08-04T15:45:45-04:00;null;null
2017-08-04T15:45:50-04:00;null;null
2017-08-04T15:45:55-04:00;null;null
2017-08-04T15:46:00-04:00;null;null
2017-08-04T15:46:05-04:00;null;null
2017-08-04T15:46:10-04:00;null;null
2017-08-04T15:46:15-04:00;null;null
2017-08-04T15:46:20-04:00;null;null
2017-08-04T15:46:25-04:00;null;null
2017-08-04T15:46:30-04:00;null;null
2017-08-04T15:46:35-04:00;null;null
2017-08-04T15:46:40-04:00;null;null
2017-08-04T15:46:45-04:00;null;null
2017-08-04T15:46:50-04:00;null;null
2017-08-04T15:46:55-04:00;null;null
2017-08-04T15:47:00-04:00;null;null
2017-08-04T15:47:05-04:00;null;null
2017-08-04T15:47:10-04:00;null;null
2017-08-04T15:47:15-04:00;null;null
2017-08-04T15:47:20-04:00;null;null
2017-08-04T15:47:25-04:00;null;null
2017-08-04T15:47:30-04:00;null;null
2017-08-04T15:47:35-04:00;null;null
2017-08-04T15:47:40-04:00;null;null
2017-08-04T15:47:45-04:00;null;null
2017-08-04T15:47:50-04:00;null;null
2017-08-04T15:47:55-04:00;null;null
2017-08-04T15:48:00-04:00;null;null
2017-08-04T15:48:05-04:00;null;null
2017-08-04T15:48:10-04:00;null;null
2017-08-04T15:48:15-04:00;null;null
2017-08-04T15:48:20-04:00;null;null
2017-08-04T15:48:25-04:00;null;null
2017-08-04T15:48:30-04:00;null;null
2017-08-04T15:48:35-04:00;null;null
2017-08-04T15:48:40-04:00;null;null
2017-08-04T15:48:45-04:00;null;null
2017-08-04T15:48:50-04:00;null;null
2017-08-04T15:48:55-04:00;null;null
2017-08-04T15:49:00-04:00;null;null
2017-08-04T15:49:05-04:00;null;null
2017-08-04T15:49:10-04:00;null;null
2017-08-04T15:49:15-04:00;null;null
2017-08-04T15:49:20-04:00;null;null
2017-08-04T15:49:25-04:00;null;null
2017-08-04T15:49:30-04:00;null;null
2017-08-04T15:49:35-04:00;null;null
2017-08-04T15:49:40-04:00;null;null
2017-08-04T15:49:45-04:00;null;null
2017-08-04T15:49:50-04:00;null;null
2017-08-04T15:49:55-04:00;null;null
2017-08-04T15:50:00-04:00;null;null
2017-08-04T15:50:05-04:00;null;null
2017-08-04T15:50:10-04:00;null;null
2017-08-04T15:50:15-04:00;null;null
2017-08-04T15:50:20-04:00;null;null
2017-08-04T15:50:25-04:00;null;null
2017-08-04T15:50:30-04:00;null;null
2017-08-04T15:50:35-04:00;null;null
2017-08-04T15:50:40-04:00;null;null
2017-08-04T15:50:45-04:00;null;null
2017-08-04T15:50:50-04:00;null;null
2017-08-04T15:50:55-04:00;null;null
2017-08-04T15:51:00-04:00;null;null
2017-08-04T15:51:05-04:00;null;null
2017-08-04T15:51:10-04:00;null;null
2017-08-04T15:51:15-04:00;null;null
2017-08-04T15:51:20-04:00;null;null
2017-08-04T15:51:25-04:00;null;null
2017-08-04T15:51:30-04:00;null;null
2017-08-04T15:51:35-04:00;null;null
2017-08-04T15:51:40-04:00;null;null
2017-08-04T15:51:45-04:00;null;null
2017-08-04T15:51:50-04:00;null;null
2017-08-04T15:51:55-04:00;null;null
2017-08-04T15:52:00-04:00;null;null
2017-08-04T15:52:05-04:00;null;null
2017-08-04T15:52:10-04:00;null;null
2017-08-04T15:52:15-04:00;null;null
2017-08-04T15:52:20-04:00;null;null
2017-08-04T15:52:25-04:00;null;null
2017-08-04T15:52:30-04:00;null;null
2017-08-04T15:52:35-04:00;null;null
2017-08-04T15:52:40-04:00;null;null
2017-08-04T15:52:45-04:00;null;null
2017-08-04T15:52:50-04:00;null;null
2017-08-04T15:52:55-04:00;null;null
2017-08-04T15:53:00-04:00;null;null
2017-08-04T15:53:05-04:00;null;null
2017-08-04T15:53:10-04:00;null;null
2017-08-04T15:53:15-04:00;null;null
2017-08-04T15:53:20-04:00;null;null
2017-08-04T15:53:25-04:00;null;null
2017-08-04T15:53:30-04:00;null;null
2017-08-04T15:53:35-04:00;null;null
2017-08-04T15:53:40-04:00;null;null
2017-08-04T15:53:45-04:00;null;null
2017-08-04T15:53:50-04:00;null;null
2017-08-04T15:53:55-04:00;null;null
2017-08-04T15:54:00-04:00;null;null
2017-08-04T15:54:05-04:00;null;null
2017-08-04T15:54:10-04:00;null;null
2017-08-04T15:54:15-04:00;null;null
2017-08-04T15:54:20-04:00;null;null
2017-08-04T15:54:25-04:00;null;null
2017-08-04T15:54:30-04:00;null;null
2017-08-04T15:54:35-04:00;null;null
2017-08-04T15:54:40-04:00;null;null
2017-08-04T15:54:45-04:00;null;null
2017-08-04T15:54:50-04:00;null;null
2017-08-04T15:54:55-04:00;null;null
2017-08-04T15:55:00-04:00;null;null
2017-08-04T15:55:05-04:00;null;null
2017-08-04T15:55:10-04:00;null;null
2017-08-04T15:55:15-04:00;null;null
2017-08-04T15:55:20-04:00;null;null
2017-08-04T15:55:25-04:00;null;null
2017-08-04T15:55:30-04:00;null;null
2017-08-04T15:55:35-04:00;null;null
2017-08-04T15:55:40-04:00;null;null
2017-08-04T15:55:45-04:00;null;null
2017-08-04T15:55:50-04:00;null;null
2017-08-04T15:55:55-04:00;null;null
2017-08-04T15:56:00-04:00;null;null
2017-08-04T15:56:05-04:00;null;null
2017-08-04T15:56:10-04:00;null;null
2017-08-04T15:56:15-04:00;null;null
2017-08-04T15:56:20-04:00;null;null
2017-08-04T15:56:25-04:00;null;null
2017-08-04T15:56:30-04:00;null;null
2017-08-04T15:56:35-04:00;null;null
2017-08-04T15:56:40-04:00;null;null
2017-08-04T15:56:45-04:00;null;null
2017-08-04T15:56:50-04:00;91.5;70
2017-08-04T15:56:55-04:00;null;null
2017-08-04T15:57:00-04:00;null;null
2017-08-04T15:57:05-04:00;null;null
2017-08-04T15:57:10-04:00;null;null
2017-08-04T15:57:15-04:00;null;null
2017-08-04T15:57:20-04:00;null;null
2017-08-04T15:57:25-04:00;null;null
2017-08-04T15:57:30-04:00;null;null
2017-08-04T15:57:35-04:00;null;null
2017-08-04T15:57:40-04:00;null;null
2017-08-04T15:57:45-04:00;null;null
2017-08-04T15:57:50-04:00;null;null
2017-08-04T15:57:55-04:00;null;null
2017-08-04T15:58:00-04:00;null;null
2017-08-04T15:58:05-04:00;null;null
2017-08-04T15:58:10-04:00;null;null
2017-08-04T15:58:15-04:00;null;null
2017-08-04T15:58:20-04:00;null;null
2017-08-04T15:58:25-04:00;null;null
2017-08-04T15:58:30-04:00;null;null
2017-08-04T15:58:35-04:00;null;null
2017-08-04T15:58:40-04:00;null;null
2017-08-04T15:58:45-04:00;null;null
2017-08-04T15:58:50-04:00;null;null
2017-08-04T15:58:55-04:00;null;null
2017-08-04T15:59:00-04:00;null;null
2017-08-04T15:59:05-04:00;null;null
2017-08-04T15:59:10-04:00;null;null
2017-08-04T15:59:15-04:00;null;null
2017-08-04T15:59:20-04:00;null;null
2017-08-04T15:59:25-04:00;null;null
2017-08-04T15:59:30-04:00;null;null
2017-08-04T15:59:35-04:00;null;null
2017-08-04T15:59:40-04:00;null;null
2017-08-04T15:59:45-04:00;null;null
2017-08-04T15:59:50-04:00;null;null
2017-08-04T15:59:55-04:00;null;null
